genome_name	genome_fpath	batch	barcode	genus	read_filename	subreadset_xml_fpath
batch4_bc1015_metaflye_ccs_contig_3_Shimia	/nfs/chisholmlab001/nvo/projects/23_genome_closing/assembly_extraction/extract_best_assemblies/outputs/best_assemblies/batch4_bc1015_metaflye_ccs_contig_3_Shimia.fasta	batch4	bc1015	Shimia	demux_subreadset.bc1015--bc1015.subreadset	/nfs/chisholmlab001/kve/2023_HIFI_Genome_Closing_Project/demultiplexing/batch4/1/lima_demux/demux_subreadset.bc1015--bc1015.subreadset.xml
batch1_bc1021_metaflye_subreadset_contig_76_Synechococcus_C_sp002171995	/nfs/chisholmlab001/nvo/projects/23_genome_closing/assembly_extraction/extract_best_assemblies/outputs/best_assemblies/batch1_bc1021_metaflye_subreadset_contig_76_Synechococcus_C_sp002171995.fasta	batch1	bc1021	Synechococcus	demux_subreadset.bc1021--bc1021.subreadset	/nfs/chisholmlab001/kve/2023_HIFI_Genome_Closing_Project/demultiplexing/batch1/1/lima_demux/demux_subreadset.bc1021--bc1021.subreadset.xml
batch1_bc1021_metaflye_subreadset_contig_98_Thalassobius	/nfs/chisholmlab001/nvo/projects/23_genome_closing/assembly_extraction/extract_best_assemblies/outputs/best_assemblies/batch1_bc1021_metaflye_subreadset_contig_98_Thalassobius.fasta	batch1	bc1021	Thalassobius	demux_subreadset.bc1021--bc1021.subreadset	/nfs/chisholmlab001/kve/2023_HIFI_Genome_Closing_Project/demultiplexing/batch1/1/lima_demux/demux_subreadset.bc1021--bc1021.subreadset.xml
batch1_bc1016_metaflye_ccs_contig_11_Prochlorococcus_A_marinus_E	/nfs/chisholmlab001/nvo/projects/23_genome_closing/assembly_extraction/extract_best_assemblies/outputs/best_assemblies/batch1_bc1016_metaflye_ccs_contig_11_Prochlorococcus_A_marinus_E.fasta	batch1	bc1016	Prochlorococcus	demux_subreadset.bc1016--bc1016.subreadset	/nfs/chisholmlab001/kve/2023_HIFI_Genome_Closing_Project/demultiplexing/batch1/1/lima_demux/demux_subreadset.bc1016--bc1016.subreadset.xml
batch1_bc1017_metaflye_ccs_contig_1_Prochlorococcus_A_marinus_E	/nfs/chisholmlab001/nvo/projects/23_genome_closing/assembly_extraction/extract_best_assemblies/outputs/best_assemblies/batch1_bc1017_metaflye_ccs_contig_1_Prochlorococcus_A_marinus_E.fasta	batch1	bc1017	Prochlorococcus	demux_subreadset.bc1017--bc1017.subreadset	/nfs/chisholmlab001/kve/2023_HIFI_Genome_Closing_Project/demultiplexing/batch1/1/lima_demux/demux_subreadset.bc1017--bc1017.subreadset.xml
batch1_bc1018_metaflye_subreadset_contig_1_Prochlorococcus_C	/nfs/chisholmlab001/nvo/projects/23_genome_closing/assembly_extraction/extract_best_assemblies/outputs/best_assemblies/batch1_bc1018_metaflye_subreadset_contig_1_Prochlorococcus_C.fasta	batch1	bc1018	Prochlorococcus	demux_subreadset.bc1018--bc1018.subreadset	/nfs/chisholmlab001/kve/2023_HIFI_Genome_Closing_Project/demultiplexing/batch1/1/lima_demux/demux_subreadset.bc1018--bc1018.subreadset.xml
batch1_bc1019_metaflye_subreadset_contig_60_Prochlorococcus_C	/nfs/chisholmlab001/nvo/projects/23_genome_closing/assembly_extraction/extract_best_assemblies/outputs/best_assemblies/batch1_bc1019_metaflye_subreadset_contig_60_Prochlorococcus_C.fasta	batch1	bc1019	Prochlorococcus	demux_subreadset.bc1019--bc1019.subreadset	/nfs/chisholmlab001/kve/2023_HIFI_Genome_Closing_Project/demultiplexing/batch1/1/lima_demux/demux_subreadset.bc1019--bc1019.subreadset.xml
batch1_bc1012_metaflye_ccs_contig_1_Prochlorococcus_A_pastoris	/nfs/chisholmlab001/nvo/projects/23_genome_closing/assembly_extraction/extract_best_assemblies/outputs/best_assemblies/batch1_bc1012_metaflye_ccs_contig_1_Prochlorococcus_A_pastoris.fasta	batch1	bc1012	Prochlorococcus	demux_subreadset.bc1012--bc1012.subreadset	/nfs/chisholmlab001/kve/2023_HIFI_Genome_Closing_Project/demultiplexing/batch1/1/lima_demux/demux_subreadset.bc1012--bc1012.subreadset.xml
batch3_bc1010_metaflye_ccs_contig_60_RCC307	/nfs/chisholmlab001/nvo/projects/23_genome_closing/assembly_extraction/extract_best_assemblies/outputs/best_assemblies/batch3_bc1010_metaflye_ccs_contig_60_RCC307.fasta	batch3	bc1010	RCC307	demux_subreadset.bc1010--bc1010.subreadset	/nfs/chisholmlab001/kve/2023_HIFI_Genome_Closing_Project/demultiplexing/batch3/1/lima_demux/demux_subreadset.bc1010--bc1010.subreadset.xml
batch1_bc1022_metaflye_ccs_contig_1_Synechococcus_C_sp002687115	/nfs/chisholmlab001/nvo/projects/23_genome_closing/assembly_extraction/extract_best_assemblies/outputs/best_assemblies/batch1_bc1022_metaflye_ccs_contig_1_Synechococcus_C_sp002687115.fasta	batch1	bc1022	Synechococcus	demux_subreadset.bc1022--bc1022.subreadset	/nfs/chisholmlab001/kve/2023_HIFI_Genome_Closing_Project/demultiplexing/batch1/1/lima_demux/demux_subreadset.bc1022--bc1022.subreadset.xml
batch2_bc1015_metaflye_ccs_contig_49_Synechococcus_C_sp001632165	/nfs/chisholmlab001/nvo/projects/23_genome_closing/assembly_extraction/extract_best_assemblies/outputs/best_assemblies/batch2_bc1015_metaflye_ccs_contig_49_Synechococcus_C_sp001632165.fasta	batch2	bc1015	Synechococcus	demux_subreadset.bc1015--bc1015.subreadset	/nfs/chisholmlab001/kve/2023_HIFI_Genome_Closing_Project/demultiplexing/batch2/1/lima_demux/demux_subreadset.bc1015--bc1015.subreadset.xml
batch2_bc1016_metaflye_ccs_contig_57_Prochlorococcus_A_marinus_L	/nfs/chisholmlab001/nvo/projects/23_genome_closing/assembly_extraction/extract_best_assemblies/outputs/best_assemblies/batch2_bc1016_metaflye_ccs_contig_57_Prochlorococcus_A_marinus_L.fasta	batch2	bc1016	Prochlorococcus	demux_subreadset.bc1016--bc1016.subreadset	/nfs/chisholmlab001/kve/2023_HIFI_Genome_Closing_Project/demultiplexing/batch2/1/lima_demux/demux_subreadset.bc1016--bc1016.subreadset.xml
batch2_bc1017_metaflye_ccs_contig_223_Prochlorococcus_B	/nfs/chisholmlab001/nvo/projects/23_genome_closing/assembly_extraction/extract_best_assemblies/outputs/best_assemblies/batch2_bc1017_metaflye_ccs_contig_223_Prochlorococcus_B.fasta	batch2	bc1017	Prochlorococcus	demux_subreadset.bc1017--bc1017.subreadset	/nfs/chisholmlab001/kve/2023_HIFI_Genome_Closing_Project/demultiplexing/batch2/1/lima_demux/demux_subreadset.bc1017--bc1017.subreadset.xml
batch2_bc1018_metaflye_ccs_contig_145_Prochlorococcus_sp000760215	/nfs/chisholmlab001/nvo/projects/23_genome_closing/assembly_extraction/extract_best_assemblies/outputs/best_assemblies/batch2_bc1018_metaflye_ccs_contig_145_Prochlorococcus_sp000760215.fasta	batch2	bc1018	Prochlorococcus	demux_subreadset.bc1018--bc1018.subreadset	/nfs/chisholmlab001/kve/2023_HIFI_Genome_Closing_Project/demultiplexing/batch2/1/lima_demux/demux_subreadset.bc1018--bc1018.subreadset.xml
batch2_bc1019_metaflye_ccs_contig_32_Prochlorococcus_sp000760215	/nfs/chisholmlab001/nvo/projects/23_genome_closing/assembly_extraction/extract_best_assemblies/outputs/best_assemblies/batch2_bc1019_metaflye_ccs_contig_32_Prochlorococcus_sp000760215.fasta	batch2	bc1019	Prochlorococcus	demux_subreadset.bc1019--bc1019.subreadset	/nfs/chisholmlab001/kve/2023_HIFI_Genome_Closing_Project/demultiplexing/batch2/1/lima_demux/demux_subreadset.bc1019--bc1019.subreadset.xml
batch2_bc1020_metaflye_ccs_contig_6_Prochlorococcus_marinus	/nfs/chisholmlab001/nvo/projects/23_genome_closing/assembly_extraction/extract_best_assemblies/outputs/best_assemblies/batch2_bc1020_metaflye_ccs_contig_6_Prochlorococcus_marinus.fasta	batch2	bc1020	Prochlorococcus	demux_subreadset.bc1020--bc1020.subreadset	/nfs/chisholmlab001/kve/2023_HIFI_Genome_Closing_Project/demultiplexing/batch2/1/lima_demux/demux_subreadset.bc1020--bc1020.subreadset.xml
batch2_bc1021_metaflye_ccs_contig_1_Synechococcus_C_sp001632165	/nfs/chisholmlab001/nvo/projects/23_genome_closing/assembly_extraction/extract_best_assemblies/outputs/best_assemblies/batch2_bc1021_metaflye_ccs_contig_1_Synechococcus_C_sp001632165.fasta	batch2	bc1021	Synechococcus	demux_subreadset.bc1021--bc1021.subreadset	/nfs/chisholmlab001/kve/2023_HIFI_Genome_Closing_Project/demultiplexing/batch2/1/lima_demux/demux_subreadset.bc1021--bc1021.subreadset.xml
batch2_bc1022_metaflye_ccs_contig_229_Synechococcus_C_sp002687115	/nfs/chisholmlab001/nvo/projects/23_genome_closing/assembly_extraction/extract_best_assemblies/outputs/best_assemblies/batch2_bc1022_metaflye_ccs_contig_229_Synechococcus_C_sp002687115.fasta	batch2	bc1022	Synechococcus	demux_subreadset.bc1022--bc1022.subreadset	/nfs/chisholmlab001/kve/2023_HIFI_Genome_Closing_Project/demultiplexing/batch2/1/lima_demux/demux_subreadset.bc1022--bc1022.subreadset.xml
batch3_bc1001_metaflye_subreadset_contig_6_Marinobacter	/nfs/chisholmlab001/nvo/projects/23_genome_closing/assembly_extraction/extract_best_assemblies/outputs/best_assemblies/batch3_bc1001_metaflye_subreadset_contig_6_Marinobacter.fasta	batch3	bc1001	Marinobacter	demux_subreadset.bc1001--bc1001.subreadset	/nfs/chisholmlab001/kve/2023_HIFI_Genome_Closing_Project/demultiplexing/batch3/1/lima_demux/demux_subreadset.bc1001--bc1001.subreadset.xml
batch3_bc1001_metaflye_ccs_contig_29_Prochlorococcus_A_marinus_I	/nfs/chisholmlab001/nvo/projects/23_genome_closing/assembly_extraction/extract_best_assemblies/outputs/best_assemblies/batch3_bc1001_metaflye_ccs_contig_29_Prochlorococcus_A_marinus_I.fasta	batch3	bc1001	Prochlorococcus	demux_subreadset.bc1001--bc1001.subreadset	/nfs/chisholmlab001/kve/2023_HIFI_Genome_Closing_Project/demultiplexing/batch3/1/lima_demux/demux_subreadset.bc1001--bc1001.subreadset.xml
batch3_bc1002_metaflye_ccs_contig_8_Prochlorococcus_A_marinus_I	/nfs/chisholmlab001/nvo/projects/23_genome_closing/assembly_extraction/extract_best_assemblies/outputs/best_assemblies/batch3_bc1002_metaflye_ccs_contig_8_Prochlorococcus_A_marinus_I.fasta	batch3	bc1002	Prochlorococcus	demux_subreadset.bc1002--bc1002.subreadset	/nfs/chisholmlab001/kve/2023_HIFI_Genome_Closing_Project/demultiplexing/batch3/1/lima_demux/demux_subreadset.bc1002--bc1002.subreadset.xml
batch3_bc1003_metaflye_ccs_contig_1_Prochlorococcus_C	/nfs/chisholmlab001/nvo/projects/23_genome_closing/assembly_extraction/extract_best_assemblies/outputs/best_assemblies/batch3_bc1003_metaflye_ccs_contig_1_Prochlorococcus_C.fasta	batch3	bc1003	Prochlorococcus	demux_subreadset.bc1003--bc1003.subreadset	/nfs/chisholmlab001/kve/2023_HIFI_Genome_Closing_Project/demultiplexing/batch3/1/lima_demux/demux_subreadset.bc1003--bc1003.subreadset.xml
batch3_bc1008_flye_ccs_contig_1_Prochlorococcus_C	/nfs/chisholmlab001/nvo/projects/23_genome_closing/assembly_extraction/extract_best_assemblies/outputs/best_assemblies/batch3_bc1008_flye_ccs_contig_1_Prochlorococcus_C.fasta	batch3	bc1008	Prochlorococcus	demux_subreadset.bc1008--bc1008.subreadset	/nfs/chisholmlab001/kve/2023_HIFI_Genome_Closing_Project/demultiplexing/batch3/1/lima_demux/demux_subreadset.bc1008--bc1008.subreadset.xml
batch3_bc1009_metaflye_ccs_contig_1_Prochlorococcus_C	/nfs/chisholmlab001/nvo/projects/23_genome_closing/assembly_extraction/extract_best_assemblies/outputs/best_assemblies/batch3_bc1009_metaflye_ccs_contig_1_Prochlorococcus_C.fasta	batch3	bc1009	Prochlorococcus	demux_subreadset.bc1009--bc1009.subreadset	/nfs/chisholmlab001/kve/2023_HIFI_Genome_Closing_Project/demultiplexing/batch3/1/lima_demux/demux_subreadset.bc1009--bc1009.subreadset.xml
batch3_bc1011_metaflye_ccs_contig_15_Synechococcus_C	/nfs/chisholmlab001/nvo/projects/23_genome_closing/assembly_extraction/extract_best_assemblies/outputs/best_assemblies/batch3_bc1011_metaflye_ccs_contig_15_Synechococcus_C.fasta	batch3	bc1011	Synechococcus	demux_subreadset.bc1011--bc1011.subreadset	/nfs/chisholmlab001/kve/2023_HIFI_Genome_Closing_Project/demultiplexing/batch3/1/lima_demux/demux_subreadset.bc1011--bc1011.subreadset.xml
batch3_bc1012_metaflye_ccs_contig_111_Synechococcus_C_sp002687115	/nfs/chisholmlab001/nvo/projects/23_genome_closing/assembly_extraction/extract_best_assemblies/outputs/best_assemblies/batch3_bc1012_metaflye_ccs_contig_111_Synechococcus_C_sp002687115.fasta	batch3	bc1012	Synechococcus	demux_subreadset.bc1012--bc1012.subreadset	/nfs/chisholmlab001/kve/2023_HIFI_Genome_Closing_Project/demultiplexing/batch3/1/lima_demux/demux_subreadset.bc1012--bc1012.subreadset.xml
batch4_bc1016_metaflye_ccs_contig_37_Prochlorococcus_A_marinus_N	/nfs/chisholmlab001/nvo/projects/23_genome_closing/assembly_extraction/extract_best_assemblies/outputs/best_assemblies/batch4_bc1016_metaflye_ccs_contig_37_Prochlorococcus_A_marinus_N.fasta	batch4	bc1016	Prochlorococcus	demux_subreadset.bc1016--bc1016.subreadset	/nfs/chisholmlab001/kve/2023_HIFI_Genome_Closing_Project/demultiplexing/batch4/1/lima_demux/demux_subreadset.bc1016--bc1016.subreadset.xml
batch4_bc1017_metaflye_subreadset_contig_21_Marinobacter	/nfs/chisholmlab001/nvo/projects/23_genome_closing/assembly_extraction/extract_best_assemblies/outputs/best_assemblies/batch4_bc1017_metaflye_subreadset_contig_21_Marinobacter.fasta	batch4	bc1017	Marinobacter	demux_subreadset.bc1017--bc1017.subreadset	/nfs/chisholmlab001/kve/2023_HIFI_Genome_Closing_Project/demultiplexing/batch4/1/lima_demux/demux_subreadset.bc1017--bc1017.subreadset.xml
batch4_bc1017_metaflye_ccs_contig_27_Prochlorococcus_A_marinus_M	/nfs/chisholmlab001/nvo/projects/23_genome_closing/assembly_extraction/extract_best_assemblies/outputs/best_assemblies/batch4_bc1017_metaflye_ccs_contig_27_Prochlorococcus_A_marinus_M.fasta	batch4	bc1017	Prochlorococcus	demux_subreadset.bc1017--bc1017.subreadset	/nfs/chisholmlab001/kve/2023_HIFI_Genome_Closing_Project/demultiplexing/batch4/1/lima_demux/demux_subreadset.bc1017--bc1017.subreadset.xml
batch4_bc1018_metaflye_subreadset_contig_49_Prochlorococcus_A_marinus_B	/nfs/chisholmlab001/nvo/projects/23_genome_closing/assembly_extraction/extract_best_assemblies/outputs/best_assemblies/batch4_bc1018_metaflye_subreadset_contig_49_Prochlorococcus_A_marinus_B.fasta	batch4	bc1018	Prochlorococcus	demux_subreadset.bc1018--bc1018.subreadset	/nfs/chisholmlab001/kve/2023_HIFI_Genome_Closing_Project/demultiplexing/batch4/1/lima_demux/demux_subreadset.bc1018--bc1018.subreadset.xml
batch4_bc1019_metaflye_ccs_contig_11_Prochlorococcus_C_sp000760295	/nfs/chisholmlab001/nvo/projects/23_genome_closing/assembly_extraction/extract_best_assemblies/outputs/best_assemblies/batch4_bc1019_metaflye_ccs_contig_11_Prochlorococcus_C_sp000760295.fasta	batch4	bc1019	Prochlorococcus	demux_subreadset.bc1019--bc1019.subreadset	/nfs/chisholmlab001/kve/2023_HIFI_Genome_Closing_Project/demultiplexing/batch4/1/lima_demux/demux_subreadset.bc1019--bc1019.subreadset.xml
batch4_bc1020_metaflye_subreadset_contig_368_Prochlorococcus_C_sp000760295	/nfs/chisholmlab001/nvo/projects/23_genome_closing/assembly_extraction/extract_best_assemblies/outputs/best_assemblies/batch4_bc1020_metaflye_subreadset_contig_368_Prochlorococcus_C_sp000760295.fasta	batch4	bc1020	Prochlorococcus	demux_subreadset.bc1020--bc1020.subreadset	/nfs/chisholmlab001/kve/2023_HIFI_Genome_Closing_Project/demultiplexing/batch4/1/lima_demux/demux_subreadset.bc1020--bc1020.subreadset.xml
batch4_bc1021_metaflye_ccs_contig_41_Prochlorococcus_C	/nfs/chisholmlab001/nvo/projects/23_genome_closing/assembly_extraction/extract_best_assemblies/outputs/best_assemblies/batch4_bc1021_metaflye_ccs_contig_41_Prochlorococcus_C.fasta	batch4	bc1021	Prochlorococcus	demux_subreadset.bc1021--bc1021.subreadset	/nfs/chisholmlab001/kve/2023_HIFI_Genome_Closing_Project/demultiplexing/batch4/1/lima_demux/demux_subreadset.bc1021--bc1021.subreadset.xml
batch4_bc1022_metaflye_subreadset_contig_140_Prochlorococcus_C	/nfs/chisholmlab001/nvo/projects/23_genome_closing/assembly_extraction/extract_best_assemblies/outputs/best_assemblies/batch4_bc1022_metaflye_subreadset_contig_140_Prochlorococcus_C.fasta	batch4	bc1022	Prochlorococcus	demux_subreadset.bc1022--bc1022.subreadset	/nfs/chisholmlab001/kve/2023_HIFI_Genome_Closing_Project/demultiplexing/batch4/1/lima_demux/demux_subreadset.bc1022--bc1022.subreadset.xml
batch5_bc1001_metaflye_ccs_contig_8_Prochlorococcus_sp000760215	/nfs/chisholmlab001/nvo/projects/23_genome_closing/assembly_extraction/extract_best_assemblies/outputs/best_assemblies/batch5_bc1001_metaflye_ccs_contig_8_Prochlorococcus_sp000760215.fasta	batch5	bc1001	Prochlorococcus	demux_subreadset.bc1001--bc1001.subreadset	/nfs/chisholmlab001/kve/2023_HIFI_Genome_Closing_Project/demultiplexing/batch5/1/lima_demux/demux_subreadset.bc1001--bc1001.subreadset.xml
batch5_bc1002_metaflye_ccs_contig_1_Prochlorococcus_C	/nfs/chisholmlab001/nvo/projects/23_genome_closing/assembly_extraction/extract_best_assemblies/outputs/best_assemblies/batch5_bc1002_metaflye_ccs_contig_1_Prochlorococcus_C.fasta	batch5	bc1002	Prochlorococcus	demux_subreadset.bc1002--bc1002.subreadset	/nfs/chisholmlab001/kve/2023_HIFI_Genome_Closing_Project/demultiplexing/batch5/1/lima_demux/demux_subreadset.bc1002--bc1002.subreadset.xml
batch5_bc1003_metaflye_ccs_contig_1_Prochlorococcus_C	/nfs/chisholmlab001/nvo/projects/23_genome_closing/assembly_extraction/extract_best_assemblies/outputs/best_assemblies/batch5_bc1003_metaflye_ccs_contig_1_Prochlorococcus_C.fasta	batch5	bc1003	Prochlorococcus	demux_subreadset.bc1003--bc1003.subreadset	/nfs/chisholmlab001/kve/2023_HIFI_Genome_Closing_Project/demultiplexing/batch5/1/lima_demux/demux_subreadset.bc1003--bc1003.subreadset.xml
batch5_bc1008_metaflye_ccs_contig_1_Synechococcus_C_sp001631935	/nfs/chisholmlab001/nvo/projects/23_genome_closing/assembly_extraction/extract_best_assemblies/outputs/best_assemblies/batch5_bc1008_metaflye_ccs_contig_1_Synechococcus_C_sp001631935.fasta	batch5	bc1008	Synechococcus	demux_subreadset.bc1008--bc1008.subreadset	/nfs/chisholmlab001/kve/2023_HIFI_Genome_Closing_Project/demultiplexing/batch5/1/lima_demux/demux_subreadset.bc1008--bc1008.subreadset.xml
batch5_bc1009_metaflye_ccs_contig_29_Synechococcus_C	/nfs/chisholmlab001/nvo/projects/23_genome_closing/assembly_extraction/extract_best_assemblies/outputs/best_assemblies/batch5_bc1009_metaflye_ccs_contig_29_Synechococcus_C.fasta	batch5	bc1009	Synechococcus	demux_subreadset.bc1009--bc1009.subreadset	/nfs/chisholmlab001/kve/2023_HIFI_Genome_Closing_Project/demultiplexing/batch5/1/lima_demux/demux_subreadset.bc1009--bc1009.subreadset.xml
batch5_bc1010_metaflye_ccs_contig_1_Synechococcus_C_sp002687115	/nfs/chisholmlab001/nvo/projects/23_genome_closing/assembly_extraction/extract_best_assemblies/outputs/best_assemblies/batch5_bc1010_metaflye_ccs_contig_1_Synechococcus_C_sp002687115.fasta	batch5	bc1010	Synechococcus	demux_subreadset.bc1010--bc1010.subreadset	/nfs/chisholmlab001/kve/2023_HIFI_Genome_Closing_Project/demultiplexing/batch5/1/lima_demux/demux_subreadset.bc1010--bc1010.subreadset.xml
batch5_bc1011_metaflye_ccs_contig_2_Synechococcus_C_sp001040845	/nfs/chisholmlab001/nvo/projects/23_genome_closing/assembly_extraction/extract_best_assemblies/outputs/best_assemblies/batch5_bc1011_metaflye_ccs_contig_2_Synechococcus_C_sp001040845.fasta	batch5	bc1011	Synechococcus	demux_subreadset.bc1011--bc1011.subreadset	/nfs/chisholmlab001/kve/2023_HIFI_Genome_Closing_Project/demultiplexing/batch5/1/lima_demux/demux_subreadset.bc1011--bc1011.subreadset.xml
batch5_bc1012_metaflye_subreadset_contig_9_Synechococcus_E_sp003211515	/nfs/chisholmlab001/nvo/projects/23_genome_closing/assembly_extraction/extract_best_assemblies/outputs/best_assemblies/batch5_bc1012_metaflye_subreadset_contig_9_Synechococcus_E_sp003211515.fasta	batch5	bc1012	Synechococcus	demux_subreadset.bc1012--bc1012.subreadset	/nfs/chisholmlab001/kve/2023_HIFI_Genome_Closing_Project/demultiplexing/batch5/1/lima_demux/demux_subreadset.bc1012--bc1012.subreadset.xml
batch6_bc1010_metaflye_ccs_contig_1_Synechococcus_C_sp000063505	/nfs/chisholmlab001/nvo/projects/23_genome_closing/assembly_extraction/extract_best_assemblies/outputs/best_assemblies/batch6_bc1010_metaflye_ccs_contig_1_Synechococcus_C_sp000063505.fasta	batch6	bc1010	Synechococcus	demux_subreadset.bc1010--bc1010.subreadset	/nfs/chisholmlab001/kve/2023_HIFI_Genome_Closing_Project/demultiplexing/batch6/1/lima_demux/demux_subreadset.bc1010--bc1010.subreadset.xml
batch6_bc1012_metaflye_ccs_contig_111_Prochlorococcus_C_sp000760295	/nfs/chisholmlab001/nvo/projects/23_genome_closing/assembly_extraction/extract_best_assemblies/outputs/best_assemblies/batch6_bc1012_metaflye_ccs_contig_111_Prochlorococcus_C_sp000760295.fasta	batch6	bc1012	Prochlorococcus	demux_subreadset.bc1012--bc1012.subreadset	/nfs/chisholmlab001/kve/2023_HIFI_Genome_Closing_Project/demultiplexing/batch6/1/lima_demux/demux_subreadset.bc1012--bc1012.subreadset.xml
batch6_bc1015_metaflye_ccs_contig_1_Prochlorococcus_C	/nfs/chisholmlab001/nvo/projects/23_genome_closing/assembly_extraction/extract_best_assemblies/outputs/best_assemblies/batch6_bc1015_metaflye_ccs_contig_1_Prochlorococcus_C.fasta	batch6	bc1015	Prochlorococcus	demux_subreadset.bc1015--bc1015.subreadset	/nfs/chisholmlab001/kve/2023_HIFI_Genome_Closing_Project/demultiplexing/batch6/1/lima_demux/demux_subreadset.bc1015--bc1015.subreadset.xml
batch6_bc1016_metaflye_ccs_contig_98_Prochlorococcus_marinus	/nfs/chisholmlab001/nvo/projects/23_genome_closing/assembly_extraction/extract_best_assemblies/outputs/best_assemblies/batch6_bc1016_metaflye_ccs_contig_98_Prochlorococcus_marinus.fasta	batch6	bc1016	Prochlorococcus	demux_subreadset.bc1016--bc1016.subreadset	/nfs/chisholmlab001/kve/2023_HIFI_Genome_Closing_Project/demultiplexing/batch6/1/lima_demux/demux_subreadset.bc1016--bc1016.subreadset.xml
batch6_bc1017_metaflye_ccs_contig_1_Synechococcus_C_sp000153825	/nfs/chisholmlab001/nvo/projects/23_genome_closing/assembly_extraction/extract_best_assemblies/outputs/best_assemblies/batch6_bc1017_metaflye_ccs_contig_1_Synechococcus_C_sp000153825.fasta	batch6	bc1017	Synechococcus	demux_subreadset.bc1017--bc1017.subreadset	/nfs/chisholmlab001/kve/2023_HIFI_Genome_Closing_Project/demultiplexing/batch6/1/lima_demux/demux_subreadset.bc1017--bc1017.subreadset.xml
batch6_bc1018_metaflye_ccs_contig_65_Prochlorococcus_marinus	/nfs/chisholmlab001/nvo/projects/23_genome_closing/assembly_extraction/extract_best_assemblies/outputs/best_assemblies/batch6_bc1018_metaflye_ccs_contig_65_Prochlorococcus_marinus.fasta	batch6	bc1018	Prochlorococcus	demux_subreadset.bc1018--bc1018.subreadset	/nfs/chisholmlab001/kve/2023_HIFI_Genome_Closing_Project/demultiplexing/batch6/1/lima_demux/demux_subreadset.bc1018--bc1018.subreadset.xml
batch7_bc1015_metaflye_ccs_contig_85_Prochlorococcus_A_marinus_J	/nfs/chisholmlab001/nvo/projects/23_genome_closing/assembly_extraction/extract_best_assemblies/outputs/best_assemblies/batch7_bc1015_metaflye_ccs_contig_85_Prochlorococcus_A_marinus_J.fasta	batch7	bc1015	Prochlorococcus	demux_subreadset.bc1015--bc1015.subreadset	/nfs/chisholmlab001/kve/2023_HIFI_Genome_Closing_Project/demultiplexing/batch7/1/lima_demux/demux_subreadset.bc1015--bc1015.subreadset.xml
batch7_bc1016_metaflye_ccs_contig_37_Prochlorococcus_C_sp000760295	/nfs/chisholmlab001/nvo/projects/23_genome_closing/assembly_extraction/extract_best_assemblies/outputs/best_assemblies/batch7_bc1016_metaflye_ccs_contig_37_Prochlorococcus_C_sp000760295.fasta	batch7	bc1016	Prochlorococcus	demux_subreadset.bc1016--bc1016.subreadset	/nfs/chisholmlab001/kve/2023_HIFI_Genome_Closing_Project/demultiplexing/batch7/1/lima_demux/demux_subreadset.bc1016--bc1016.subreadset.xml
batch7_bc1016_metaflye_subreadset_contig_103_Rhodobacteraceae	/nfs/chisholmlab001/nvo/projects/23_genome_closing/assembly_extraction/extract_best_assemblies/outputs/best_assemblies/batch7_bc1016_metaflye_subreadset_contig_103_Rhodobacteraceae.fasta	batch7	bc1016	Rhodobacteraceae	demux_subreadset.bc1016--bc1016.subreadset	/nfs/chisholmlab001/kve/2023_HIFI_Genome_Closing_Project/demultiplexing/batch7/1/lima_demux/demux_subreadset.bc1016--bc1016.subreadset.xml
batch7_bc1017_metaflye_ccs_contig_87_Prochlorococcus_A_marinus_J	/nfs/chisholmlab001/nvo/projects/23_genome_closing/assembly_extraction/extract_best_assemblies/outputs/best_assemblies/batch7_bc1017_metaflye_ccs_contig_87_Prochlorococcus_A_marinus_J.fasta	batch7	bc1017	Prochlorococcus	demux_subreadset.bc1017--bc1017.subreadset	/nfs/chisholmlab001/kve/2023_HIFI_Genome_Closing_Project/demultiplexing/batch7/1/lima_demux/demux_subreadset.bc1017--bc1017.subreadset.xml
batch7_bc1018_metaflye_ccs_contig_170_Prochlorococcus_C_sp000760295	/nfs/chisholmlab001/nvo/projects/23_genome_closing/assembly_extraction/extract_best_assemblies/outputs/best_assemblies/batch7_bc1018_metaflye_ccs_contig_170_Prochlorococcus_C_sp000760295.fasta	batch7	bc1018	Prochlorococcus	demux_subreadset.bc1018--bc1018.subreadset	/nfs/chisholmlab001/kve/2023_HIFI_Genome_Closing_Project/demultiplexing/batch7/1/lima_demux/demux_subreadset.bc1018--bc1018.subreadset.xml
batch7_bc1019_metaflye_ccs_contig_30_Prochlorococcus_A_marinus_N	/nfs/chisholmlab001/nvo/projects/23_genome_closing/assembly_extraction/extract_best_assemblies/outputs/best_assemblies/batch7_bc1019_metaflye_ccs_contig_30_Prochlorococcus_A_marinus_N.fasta	batch7	bc1019	Prochlorococcus	demux_subreadset.bc1019--bc1019.subreadset	/nfs/chisholmlab001/kve/2023_HIFI_Genome_Closing_Project/demultiplexing/batch7/1/lima_demux/demux_subreadset.bc1019--bc1019.subreadset.xml
batch7_bc1020_metaflye_ccs_contig_1_Synechococcus_C_sp000153285	/nfs/chisholmlab001/nvo/projects/23_genome_closing/assembly_extraction/extract_best_assemblies/outputs/best_assemblies/batch7_bc1020_metaflye_ccs_contig_1_Synechococcus_C_sp000153285.fasta	batch7	bc1020	Synechococcus	demux_subreadset.bc1020--bc1020.subreadset	/nfs/chisholmlab001/kve/2023_HIFI_Genome_Closing_Project/demultiplexing/batch7/1/lima_demux/demux_subreadset.bc1020--bc1020.subreadset.xml
batch7_bc1021_metaflye_ccs_contig_96_Prochlorococcus_A_marinus_J	/nfs/chisholmlab001/nvo/projects/23_genome_closing/assembly_extraction/extract_best_assemblies/outputs/best_assemblies/batch7_bc1021_metaflye_ccs_contig_96_Prochlorococcus_A_marinus_J.fasta	batch7	bc1021	Prochlorococcus	demux_subreadset.bc1021--bc1021.subreadset	/nfs/chisholmlab001/kve/2023_HIFI_Genome_Closing_Project/demultiplexing/batch7/1/lima_demux/demux_subreadset.bc1021--bc1021.subreadset.xml
batch7_bc1022_flye_subreadset_contig_1_Thalassospira_povalilytica	/nfs/chisholmlab001/nvo/projects/23_genome_closing/assembly_extraction/extract_best_assemblies/outputs/best_assemblies/batch7_bc1022_flye_subreadset_contig_1_Thalassospira_povalilytica.fasta	batch7	bc1022	Thalassospira	demux_subreadset.bc1022--bc1022.subreadset	/nfs/chisholmlab001/kve/2023_HIFI_Genome_Closing_Project/demultiplexing/batch7/1/lima_demux/demux_subreadset.bc1022--bc1022.subreadset.xml
batch8_bc1001_metaflye_ccs_contig_12_Prochlorococcus_marinus	/nfs/chisholmlab001/nvo/projects/23_genome_closing/assembly_extraction/extract_best_assemblies/outputs/best_assemblies/batch8_bc1001_metaflye_ccs_contig_12_Prochlorococcus_marinus.fasta	batch8	bc1001	Prochlorococcus	demux_subreadset.bc1001--bc1001.subreadset	/nfs/chisholmlab001/kve/2023_HIFI_Genome_Closing_Project/demultiplexing/batch8/2/lima_demux/demux_subreadset.bc1001--bc1001.subreadset.xml
batch8_bc1002_metaflye_ccs_contig_51_Prochlorococcus_C_sp000760295	/nfs/chisholmlab001/nvo/projects/23_genome_closing/assembly_extraction/extract_best_assemblies/outputs/best_assemblies/batch8_bc1002_metaflye_ccs_contig_51_Prochlorococcus_C_sp000760295.fasta	batch8	bc1002	Prochlorococcus	demux_subreadset.bc1002--bc1002.subreadset	/nfs/chisholmlab001/kve/2023_HIFI_Genome_Closing_Project/demultiplexing/batch8/2/lima_demux/demux_subreadset.bc1002--bc1002.subreadset.xml
batch8_bc1009_metaflye_ccs_contig_65_Prochlorococcus_A_pastoris	/nfs/chisholmlab001/nvo/projects/23_genome_closing/assembly_extraction/extract_best_assemblies/outputs/best_assemblies/batch8_bc1009_metaflye_ccs_contig_65_Prochlorococcus_A_pastoris.fasta	batch8	bc1009	Prochlorococcus	demux_subreadset.bc1009--bc1009.subreadset	/nfs/chisholmlab001/kve/2023_HIFI_Genome_Closing_Project/demultiplexing/batch8/2/lima_demux/demux_subreadset.bc1009--bc1009.subreadset.xml
batch8_bc1010_metaflye_ccs_contig_122_Prochlorococcus_A_pastoris	/nfs/chisholmlab001/nvo/projects/23_genome_closing/assembly_extraction/extract_best_assemblies/outputs/best_assemblies/batch8_bc1010_metaflye_ccs_contig_122_Prochlorococcus_A_pastoris.fasta	batch8	bc1010	Prochlorococcus	demux_subreadset.bc1010--bc1010.subreadset	/nfs/chisholmlab001/kve/2023_HIFI_Genome_Closing_Project/demultiplexing/batch8/2/lima_demux/demux_subreadset.bc1010--bc1010.subreadset.xml
batch8_bc1011_metaflye_subreadset_contig_29_Marinobacter_sp001447155	/nfs/chisholmlab001/nvo/projects/23_genome_closing/assembly_extraction/extract_best_assemblies/outputs/best_assemblies/batch8_bc1011_metaflye_subreadset_contig_29_Marinobacter_sp001447155.fasta	batch8	bc1011	Marinobacter	demux_subreadset.bc1011--bc1011.subreadset	/nfs/chisholmlab001/kve/2023_HIFI_Genome_Closing_Project/demultiplexing/batch8/2/lima_demux/demux_subreadset.bc1011--bc1011.subreadset.xml
